,Name,hrefs
0,EIOPA 2020 technical documentation,https://www.eiopa.europa.eu/system/files/2020-08/21.08.2020_-_technical_documentation.pdf
1,"Indicative SONIA TI: Risk-free Fundamental Spreads, Probability of Default, and Cost of Downgrade output as of 30 June 2021 (XLSX 1.9MB)",https://www.bankofengland.co.uk/prudential-regulation/key-initiatives/solvency-ii/technical-information/-/media/boe/files/prudential-regulation/solvency-ii/sonia-indicative-risk-free-fs-pod-and-cod-30-jun-2021.xlsx
2,"Indicative SONIA TI: Risk-free Fundamental Spreads, Probability of Default, and Cost of Downgrade output as of 31 May 2021 (XLSX 1.9MB)",https://www.bankofengland.co.uk/prudential-regulation/key-initiatives/solvency-ii/technical-information/-/media/boe/files/prudential-regulation/solvency-ii/sonia-indicative-risk-free-fs-pod-and-cod-31-may-2021.xlsx
3,Indicative SONIA TI: Risk-free Volatility Adjustment portfolios as of 30 June 2021 (XLSX 0.9MB),https://www.bankofengland.co.uk/prudential-regulation/key-initiatives/solvency-ii/technical-information/-/media/boe/files/prudential-regulation/solvency-ii/sonia-indicative-risk-free-va-portfolios-30-jun-2021.xlsx
4,Indicative SONIA TI: Risk-free Volatility Adjustment portfolios as of 31 May 2021 (XLSX 0.9MB),https://www.bankofengland.co.uk/prudential-regulation/key-initiatives/solvency-ii/technical-information/-/media/boe/files/prudential-regulation/solvency-ii/sonia-indicative-risk-free-va-portfolios-31-may-2021.xlsx
5,Indicative SONIA TI: Risk-free curves as of 30 June 2021 (XLSX 1.2MB),https://www.bankofengland.co.uk/prudential-regulation/key-initiatives/solvency-ii/technical-information/-/media/boe/files/prudential-regulation/solvency-ii/sonia-indicative-risk-free-curves-30-jun-2021.xlsx
6,Indicative SONIA TI: Risk-free curves as of 31 May 2021 (XLSX 1.2MB),https://www.bankofengland.co.uk/prudential-regulation/key-initiatives/solvency-ii/technical-information/-/media/boe/files/prudential-regulation/solvency-ii/sonia-indicative-risk-free-curves-31-may-2021.xlsx
7,Indicative SONIA TI: Smith-Wilson extrapolation parameters as of 30 June 2021 (XLSX 1.1MB),https://www.bankofengland.co.uk/prudential-regulation/key-initiatives/solvency-ii/technical-information/-/media/boe/files/prudential-regulation/solvency-ii/sonia-indicative-risk-free-smith-wilson-parameters-30-jun-2021.xlsx
8,Indicative SONIA TI: Smith-Wilson extrapolation parameters as of 31 May 2021 (XLSX 1.1MB),https://www.bankofengland.co.uk/prudential-regulation/key-initiatives/solvency-ii/technical-information/-/media/boe/files/prudential-regulation/solvency-ii/sonia-indicative-risk-free-smith-wilson-parameters-31-may-2021.xlsx
9,"Risk-free Fundamental Spreads, Probability of Default and Cost of Downgrade as of 28 February 2022 (XLSX 1.9MB)",https://www.bankofengland.co.uk/prudential-regulation/key-initiatives/solvency-ii/technical-information/-/media/boe/files/prudential-regulation/solvency-ii/risk-free-fs-pod-and-cod-28-feb-2022.xlsx
10,"Risk-free Fundamental Spreads, Probability of Default and Cost of Downgrade as of 28 February 2023 (XLSX 1.9MB)",https://www.bankofengland.co.uk/prudential-regulation/key-initiatives/solvency-ii/technical-information/-/media/boe/files/prudential-regulation/solvency-ii/rfr-releases-2023/risk-free-fs-pod-and-cod-28-feb-2023.xlsx
11,"Risk-free Fundamental Spreads, Probability of Default and Cost of Downgrade as of 30 April 2021  (XLSX 1.9MB)",https://www.bankofengland.co.uk/prudential-regulation/key-initiatives/solvency-ii/technical-information/-/media/boe/files/prudential-regulation/solvency-ii/rfr-releases-2021/risk-free-fs-pod-and-cod-30-april-2021.xlsx
12,"Risk-free Fundamental Spreads, Probability of Default and Cost of Downgrade as of 30 April 2022  (XLSX 1.9MB)",https://www.bankofengland.co.uk/prudential-regulation/key-initiatives/solvency-ii/technical-information/-/media/boe/files/prudential-regulation/solvency-ii/rfr-releases-2022/risk-free-fs-pod-and-cod-30-apr-2022.xlsx
13,"Risk-free Fundamental Spreads, Probability of Default and Cost of Downgrade as of 30 April 2023 (XLSX 1.9MB)",https://www.bankofengland.co.uk/prudential-regulation/key-initiatives/solvency-ii/technical-information/-/media/boe/files/prudential-regulation/solvency-ii/rfr-releases-2023/risk-free-fs-pod-and-cod-30-apr-2023.xlsx
14,"Risk-free Fundamental Spreads, Probability of Default and Cost of Downgrade as of 30 June 2021 (XLSX 1.9MB)",https://www.bankofengland.co.uk/prudential-regulation/key-initiatives/solvency-ii/technical-information/-/media/boe/files/prudential-regulation/solvency-ii/rfr-releases-2021/risk-free-fs-pod-and-cod-30-june-2021.xlsx
15,"Risk-free Fundamental Spreads, Probability of Default and Cost of Downgrade as of 30 June 2022 (XLSX 1.9MB)",https://www.bankofengland.co.uk/prudential-regulation/key-initiatives/solvency-ii/technical-information/-/media/boe/files/prudential-regulation/solvency-ii/rfr-releases-2022/risk-free-fs-pod-and-cod-30-jun-2022.xlsx
16,"Risk-free Fundamental Spreads, Probability of Default and Cost of Downgrade as of 30 June 2023 (XLSX 1.9MB)",https://www.bankofengland.co.uk/prudential-regulation/key-initiatives/solvency-ii/technical-information/-/media/boe/files/prudential-regulation/solvency-ii/rfr-releases-2023/risk-free-fs-pod-and-cod-30-jun-2023.xlsx
17,"Risk-free Fundamental Spreads, Probability of Default and Cost of Downgrade as of 30 November 2021 (XLSX 1.9MB)",https://www.bankofengland.co.uk/prudential-regulation/key-initiatives/solvency-ii/technical-information/-/media/boe/files/prudential-regulation/solvency-ii/rfr-releases-2021/risk-free-fs-pod-and-cod-30-nov-2021.xlsx
18,"Risk-free Fundamental Spreads, Probability of Default and Cost of Downgrade as of 30 November 2022 (XLSX 1.9MB)",https://www.bankofengland.co.uk/prudential-regulation/key-initiatives/solvency-ii/technical-information/-/media/boe/files/prudential-regulation/solvency-ii/rfr-releases-2022/risk-free-fs-pod-and-cod-30-nov-2022.xlsx
19,"Risk-free Fundamental Spreads, Probability of Default and Cost of Downgrade as of 30 November 2023 (XLSX 1.1MB)",https://www.bankofengland.co.uk/prudential-regulation/key-initiatives/solvency-ii/technical-information/-/media/boe/files/prudential-regulation/solvency-ii/rfr-releases-2023/risk-free-fs-pod-and-cod-30-nov-2023.xlsx
20,"Risk-free Fundamental Spreads, Probability of Default and Cost of Downgrade as of 30 September 2021 (XLSX 1.9MB)",https://www.bankofengland.co.uk/prudential-regulation/key-initiatives/solvency-ii/technical-information/-/media/boe/files/prudential-regulation/solvency-ii/rfr-releases-2021/risk-free-fs-pod-and-cod-30-sept-2021.xlsx
21,"Risk-free Fundamental Spreads, Probability of Default and Cost of Downgrade as of 30 September 2022 (XLSX 1.9MB)",https://www.bankofengland.co.uk/prudential-regulation/key-initiatives/solvency-ii/technical-information/-/media/boe/files/prudential-regulation/solvency-ii/rfr-releases-2022/risk-free-fs-pod-and-cod-30-sep-2022.xlsx
22,"Risk-free Fundamental Spreads, Probability of Default and Cost of Downgrade as of 30 September 2023 (XLSX 1.9MB)",https://www.bankofengland.co.uk/prudential-regulation/key-initiatives/solvency-ii/technical-information/-/media/boe/files/prudential-regulation/solvency-ii/rfr-releases-2023/risk-free-fs-pod-and-cod-30-sep-2023.xlsx
23,"Risk-free Fundamental Spreads, Probability of Default and Cost of Downgrade as of 31 August 2021 (XLSX 1.9MB)",https://www.bankofengland.co.uk/prudential-regulation/key-initiatives/solvency-ii/technical-information/-/media/boe/files/prudential-regulation/solvency-ii/rfr-releases-2021/risk-free-fs-pod-and-cod-31-aug-2021.xlsx
24,"Risk-free Fundamental Spreads, Probability of Default and Cost of Downgrade as of 31 August 2022 (XLSX 1.9MB)",https://www.bankofengland.co.uk/prudential-regulation/key-initiatives/solvency-ii/technical-information/-/media/boe/files/prudential-regulation/solvency-ii/rfr-releases-2022/risk-free-fs-pod-and-cod-31-aug-2022.xlsx
25,"Risk-free Fundamental Spreads, Probability of Default and Cost of Downgrade as of 31 August 2023 (XLSX 1.9MB)",https://www.bankofengland.co.uk/prudential-regulation/key-initiatives/solvency-ii/technical-information/-/media/boe/files/prudential-regulation/solvency-ii/rfr-releases-2023/risk-free-fs-pod-and-cod-31-aug-2023.xlsx
26,"Risk-free Fundamental Spreads, Probability of Default and Cost of Downgrade as of 31 December 2022 (XLSX 1.9MB)",https://www.bankofengland.co.uk/prudential-regulation/key-initiatives/solvency-ii/technical-information/-/media/boe/files/prudential-regulation/solvency-ii/rfr-releases-2022/risk-free-fs-pod-and-cod-31-dec-2022.xlsx
27,"Risk-free Fundamental Spreads, Probability of Default and Cost of Downgrade as of 31 December 2023 (XLSX 1.1MB)",https://www.bankofengland.co.uk/prudential-regulation/key-initiatives/solvency-ii/technical-information/-/media/boe/files/prudential-regulation/solvency-ii/rfr-releases-2023/risk-free-fs-pod-and-cod-31-dec-2023.xlsx
28,"Risk-free Fundamental Spreads, Probability of Default and Cost of Downgrade as of 31 January 2022 (XLSX 1.9MB)",https://www.bankofengland.co.uk/prudential-regulation/key-initiatives/solvency-ii/technical-information/-/media/boe/files/prudential-regulation/solvency-ii/risk-free-fs-pod-and-cod-31-jan-2022.xlsx
29,"Risk-free Fundamental Spreads, Probability of Default and Cost of Downgrade as of 31 January 2023 (XLSX 1.9MB)",https://www.bankofengland.co.uk/prudential-regulation/key-initiatives/solvency-ii/technical-information/-/media/boe/files/prudential-regulation/solvency-ii/rfr-releases-2023/risk-free-fs-pod-and-cod-31-jan-2023.xlsx
30,"Risk-free Fundamental Spreads, Probability of Default and Cost of Downgrade as of 31 July 2021 (XLSX 1.9MB)",https://www.bankofengland.co.uk/prudential-regulation/key-initiatives/solvency-ii/technical-information/-/media/boe/files/prudential-regulation/solvency-ii/rfr-releases-2021/risk-free-fs-pod-and-cod-31-july-2021.xlsx
31,"Risk-free Fundamental Spreads, Probability of Default and Cost of Downgrade as of 31 July 2022 (XLSX 1.9MB)",https://www.bankofengland.co.uk/prudential-regulation/key-initiatives/solvency-ii/technical-information/-/media/boe/files/prudential-regulation/solvency-ii/rfr-releases-2022/risk-free-fs-pod-and-cod-31-jul-2022.xlsx
32,"Risk-free Fundamental Spreads, Probability of Default and Cost of Downgrade as of 31 July 2023 (XLSX 1.9MB)",https://www.bankofengland.co.uk/prudential-regulation/key-initiatives/solvency-ii/technical-information/-/media/boe/files/prudential-regulation/solvency-ii/rfr-releases-2023/risk-free-fs-pod-and-cod-31-jul-2023.xlsx
33,"Risk-free Fundamental Spreads, Probability of Default and Cost of Downgrade as of 31 March 2021  (XLSX 1.9MB)",https://www.bankofengland.co.uk/prudential-regulation/key-initiatives/solvency-ii/technical-information/-/media/boe/files/prudential-regulation/solvency-ii/rfr-releases-2021/risk-free-fs-pod-and-cod-31-march-2021.xlsx
34,"Risk-free Fundamental Spreads, Probability of Default and Cost of Downgrade as of 31 March 2022 (XLSX 1.9MB)",https://www.bankofengland.co.uk/prudential-regulation/key-initiatives/solvency-ii/technical-information/-/media/boe/files/prudential-regulation/solvency-ii/risk-free-fs-pod-and-cod-31-mar-2022.xlsx
35,"Risk-free Fundamental Spreads, Probability of Default and Cost of Downgrade as of 31 March 2023 (XLSX 1.9MB)",https://www.bankofengland.co.uk/prudential-regulation/key-initiatives/solvency-ii/technical-information/-/media/boe/files/prudential-regulation/solvency-ii/rfr-releases-2023/risk-free-fs-pod-and-cod-31-mar-2023.xlsx
36,"Risk-free Fundamental Spreads, Probability of Default and Cost of Downgrade as of 31 May 2021  (XLSX 1.9MB)",https://www.bankofengland.co.uk/prudential-regulation/key-initiatives/solvency-ii/technical-information/-/media/boe/files/prudential-regulation/solvency-ii/rfr-releases-2021/risk-free-fs-pod-and-cod-31-may-2021.xlsx
37,"Risk-free Fundamental Spreads, Probability of Default and Cost of Downgrade as of 31 May 2022 (XLSX 1.9MB)",https://www.bankofengland.co.uk/prudential-regulation/key-initiatives/solvency-ii/technical-information/-/media/boe/files/prudential-regulation/solvency-ii/rfr-releases-2022/risk-free-fs-pod-and-cod-31-may-2022.xlsx
38,"Risk-free Fundamental Spreads, Probability of Default and Cost of Downgrade as of 31 May 2023 (XLSX 1.9MB)",https://www.bankofengland.co.uk/prudential-regulation/key-initiatives/solvency-ii/technical-information/-/media/boe/files/prudential-regulation/solvency-ii/rfr-releases-2023/risk-free-fs-pod-and-cod-31-may-2023.xlsx
39,"Risk-free Fundamental Spreads, Probability of Default and Cost of Downgrade as of 31 October 2021 (XLSX 1.9MB)",https://www.bankofengland.co.uk/prudential-regulation/key-initiatives/solvency-ii/technical-information/-/media/boe/files/prudential-regulation/solvency-ii/rfr-releases-2021/risk-free-fs-pod-and-cod-31-oct-2021.xlsx
40,"Risk-free Fundamental Spreads, Probability of Default and Cost of Downgrade as of 31 October 2022  (XLSX 1.9MB)",https://www.bankofengland.co.uk/prudential-regulation/key-initiatives/solvency-ii/technical-information/-/media/boe/files/prudential-regulation/solvency-ii/rfr-releases-2022/risk-free-fs-pod-and-cod-31-oct-2022.xlsx
41,"Risk-free Fundamental Spreads, Probability of Default and Cost of Downgrade as of 31 October 2023 (XLSX 1.9MB)",https://www.bankofengland.co.uk/prudential-regulation/key-initiatives/solvency-ii/technical-information/-/media/boe/files/prudential-regulation/solvency-ii/rfr-releases-2023/risk-free-fs-pod-and-cod-31-oct-2023.xlsx
42,"Risk-free Fundamental Spreads, Probability of Default, and Cost of Downgrade as of 28 February 2021 (XLSX 2MB)",https://www.bankofengland.co.uk/prudential-regulation/key-initiatives/solvency-ii/technical-information/-/media/boe/files/prudential-regulation/solvency-ii/rfr-releases-2021/risk-free-fs-pod-and-cod-28-february-2021.xlsx
43,"Risk-free Fundamental Spreads, Probability of Default, and Cost of Downgrade as of 31 December 2020 (XLSX 1.9MB)",https://www.bankofengland.co.uk/prudential-regulation/key-initiatives/solvency-ii/technical-information/-/media/boe/files/prudential-regulation/solvency-ii/risk-free-fs-pod-and-cod-31-december-2020.xlsx
44,"Risk-free Fundamental Spreads, Probability of Default, and Cost of Downgrade as of 31 December 2021 (XLSX 1.9MB)",https://www.bankofengland.co.uk/prudential-regulation/key-initiatives/solvency-ii/technical-information/-/media/boe/files/prudential-regulation/solvency-ii/rfr-releases-2021/risk-free-fs-pod-and-cod-31-dec-2021.xlsx
45,"Risk-free Fundamental Spreads, Probability of Default, and Cost of Downgrade as of 31 January 2021 (XLSX 2MB)",https://www.bankofengland.co.uk/prudential-regulation/key-initiatives/solvency-ii/technical-information/-/media/boe/files/prudential-regulation/solvency-ii/rfr-releases-2021/risk-free-fs-pod-and-cod-31-january-2021.xlsx
46,Risk-free Volatility Adjustment portfolios as of 28 February 2021 (XLSX 0.9MB),https://www.bankofengland.co.uk/prudential-regulation/key-initiatives/solvency-ii/technical-information/-/media/boe/files/prudential-regulation/solvency-ii/rfr-releases-2021/risk-free-va-portfolios-28-february-2021.xlsx
47,Risk-free Volatility Adjustment portfolios as of 28 February 2022 (XLSX 0.9MB),https://www.bankofengland.co.uk/prudential-regulation/key-initiatives/solvency-ii/technical-information/-/media/boe/files/prudential-regulation/solvency-ii/risk-free-va-portfolios-28-feb-2022.xlsx
48,Risk-free Volatility Adjustment portfolios as of 28 February 2023 (XLSX 0.9MB),https://www.bankofengland.co.uk/prudential-regulation/key-initiatives/solvency-ii/technical-information/-/media/boe/files/prudential-regulation/solvency-ii/rfr-releases-2023/risk-free-va-portfolios-28-feb-2023.xlsx
49,Risk-free Volatility Adjustment portfolios as of 30 April 2021  (XLSX 0.9MB),https://www.bankofengland.co.uk/prudential-regulation/key-initiatives/solvency-ii/technical-information/-/media/boe/files/prudential-regulation/solvency-ii/rfr-releases-2021/risk-free-va-portfolios-30-april-2021.xlsx
50,Risk-free Volatility Adjustment portfolios as of 30 April 2022  (XLSX 0.9MB),https://www.bankofengland.co.uk/prudential-regulation/key-initiatives/solvency-ii/technical-information/-/media/boe/files/prudential-regulation/solvency-ii/rfr-releases-2022/risk-free-va-portfolios-30-apr-2022.xlsx
51,Risk-free Volatility Adjustment portfolios as of 30 April 2023 (XLSX 0.9MB),https://www.bankofengland.co.uk/prudential-regulation/key-initiatives/solvency-ii/technical-information/-/media/boe/files/prudential-regulation/solvency-ii/rfr-releases-2023/risk-free-va-portfolios-30-apr-2023.xlsx
52,Risk-free Volatility Adjustment portfolios as of 30 June 2021 (XLSX 0.9MB),https://www.bankofengland.co.uk/prudential-regulation/key-initiatives/solvency-ii/technical-information/-/media/boe/files/prudential-regulation/solvency-ii/rfr-releases-2021/risk-free-va-portfolios-30-june-2021.xlsx
53,Risk-free Volatility Adjustment portfolios as of 30 June 2022 (XLSX 0.9MB),https://www.bankofengland.co.uk/prudential-regulation/key-initiatives/solvency-ii/technical-information/-/media/boe/files/prudential-regulation/solvency-ii/rfr-releases-2022/risk-free-va-portfolios-30-jun-2022.xlsx
54,Risk-free Volatility Adjustment portfolios as of 30 June 2023 (XLSX 0.9MB),https://www.bankofengland.co.uk/prudential-regulation/key-initiatives/solvency-ii/technical-information/-/media/boe/files/prudential-regulation/solvency-ii/rfr-releases-2023/risk-free-va-portfolios-30-jun-2023.xlsx
55,Risk-free Volatility Adjustment portfolios as of 30 November 2021 (XLSX 0.9MB),https://www.bankofengland.co.uk/prudential-regulation/key-initiatives/solvency-ii/technical-information/-/media/boe/files/prudential-regulation/solvency-ii/rfr-releases-2021/risk-free-va-portfolios-30-nov-2021.xlsx
56,Risk-free Volatility Adjustment portfolios as of 30 November 2022  (XLSX 0.9MB),https://www.bankofengland.co.uk/prudential-regulation/key-initiatives/solvency-ii/technical-information/-/media/boe/files/prudential-regulation/solvency-ii/rfr-releases-2022/risk-free-va-portfolios-30-nov-2022.xlsx
57,Risk-free Volatility Adjustment portfolios as of 30 November 2023 (XLSX 0.2MB),https://www.bankofengland.co.uk/prudential-regulation/key-initiatives/solvency-ii/technical-information/-/media/boe/files/prudential-regulation/solvency-ii/rfr-releases-2023/risk-free-va-portfolios-30-nov-2023.xlsx
58,Risk-free Volatility Adjustment portfolios as of 30 September 2021 (XLSX 0.9MB),https://www.bankofengland.co.uk/prudential-regulation/key-initiatives/solvency-ii/technical-information/-/media/boe/files/prudential-regulation/solvency-ii/rfr-releases-2021/risk-free-va-portfolios-30-sept-2021.xlsx
59,Risk-free Volatility Adjustment portfolios as of 30 September 2022 (XLSX 0.9MB),https://www.bankofengland.co.uk/prudential-regulation/key-initiatives/solvency-ii/technical-information/-/media/boe/files/prudential-regulation/solvency-ii/rfr-releases-2022/risk-free-va-portfolios-30-sep-2022.xlsx
60,Risk-free Volatility Adjustment portfolios as of 30 September 2023 (XLSX 0.9MB),https://www.bankofengland.co.uk/prudential-regulation/key-initiatives/solvency-ii/technical-information/-/media/boe/files/prudential-regulation/solvency-ii/rfr-releases-2023/risk-free-va-portfolios-30-sep-2023.xlsx
61,Risk-free Volatility Adjustment portfolios as of 31 August 2021 (XLSX 0.9MB),https://www.bankofengland.co.uk/prudential-regulation/key-initiatives/solvency-ii/technical-information/-/media/boe/files/prudential-regulation/solvency-ii/rfr-releases-2021/risk-free-va-portfolios-31-aug-2021.xlsx
62,Risk-free Volatility Adjustment portfolios as of 31 August 2022 (XLSX 0.9MB),https://www.bankofengland.co.uk/prudential-regulation/key-initiatives/solvency-ii/technical-information/-/media/boe/files/prudential-regulation/solvency-ii/rfr-releases-2022/risk-free-va-portfolios-31-aug-2022.xlsx
63,Risk-free Volatility Adjustment portfolios as of 31 August 2023 (XLSX 0.9MB),https://www.bankofengland.co.uk/prudential-regulation/key-initiatives/solvency-ii/technical-information/-/media/boe/files/prudential-regulation/solvency-ii/rfr-releases-2023/risk-free-va-portfolios-31-aug-2023.xlsx
64,Risk-free Volatility Adjustment portfolios as of 31 December 2020 (XLSX 0.9MB),https://www.bankofengland.co.uk/prudential-regulation/key-initiatives/solvency-ii/technical-information/-/media/boe/files/prudential-regulation/solvency-ii/risk-free-va-portfolios-31-december-2020.xlsx
65,Risk-free Volatility Adjustment portfolios as of 31 December 2021 (XLSX 0.9MB),https://www.bankofengland.co.uk/prudential-regulation/key-initiatives/solvency-ii/technical-information/-/media/boe/files/prudential-regulation/solvency-ii/rfr-releases-2021/risk-free-va-portfolios-31-dec-2021.xlsx
66,Risk-free Volatility Adjustment portfolios as of 31 December 2022  (XLSX 0.9MB),https://www.bankofengland.co.uk/prudential-regulation/key-initiatives/solvency-ii/technical-information/-/media/boe/files/prudential-regulation/solvency-ii/rfr-releases-2022/risk-free-va-portfolios-31-dec-2022.xlsx
67,Risk-free Volatility Adjustment portfolios as of 31 December 2023 (XLSX 0.2MB),https://www.bankofengland.co.uk/prudential-regulation/key-initiatives/solvency-ii/technical-information/-/media/boe/files/prudential-regulation/solvency-ii/rfr-releases-2023/risk-free-va-portfolios-31-dec-2023.xlsx
68,Risk-free Volatility Adjustment portfolios as of 31 January 2021 (XLSX 0.9MB),https://www.bankofengland.co.uk/prudential-regulation/key-initiatives/solvency-ii/technical-information/-/media/boe/files/prudential-regulation/solvency-ii/rfr-releases-2021/risk-free-va-portfolios-31-january-2021.xlsx
69,Risk-free Volatility Adjustment portfolios as of 31 January 2022 (XLSX 0.9MB),https://www.bankofengland.co.uk/prudential-regulation/key-initiatives/solvency-ii/technical-information/-/media/boe/files/prudential-regulation/solvency-ii/risk-free-va-portfolios-31-jan-2022.xlsx
70,Risk-free Volatility Adjustment portfolios as of 31 January 2023 (XLSX 0.9MB),https://www.bankofengland.co.uk/prudential-regulation/key-initiatives/solvency-ii/technical-information/-/media/boe/files/prudential-regulation/solvency-ii/rfr-releases-2023/risk-free-va-portfolios-31-jan-2023.xlsx
71,Risk-free Volatility Adjustment portfolios as of 31 July 2021 (XLSX 0.9MB),https://www.bankofengland.co.uk/prudential-regulation/key-initiatives/solvency-ii/technical-information/-/media/boe/files/prudential-regulation/solvency-ii/rfr-releases-2021/risk-free-va-portfolios-31-july-2021.xlsx
72,Risk-free Volatility Adjustment portfolios as of 31 July 2022 (XLSX 0.9MB),https://www.bankofengland.co.uk/prudential-regulation/key-initiatives/solvency-ii/technical-information/-/media/boe/files/prudential-regulation/solvency-ii/rfr-releases-2022/risk-free-va-portfolios-31-jul-2022.xlsx
73,Risk-free Volatility Adjustment portfolios as of 31 July 2023 (XLSX 0.9MB),https://www.bankofengland.co.uk/prudential-regulation/key-initiatives/solvency-ii/technical-information/-/media/boe/files/prudential-regulation/solvency-ii/rfr-releases-2023/risk-free-va-portfolios-31-jul-2023.xlsx
74,Risk-free Volatility Adjustment portfolios as of 31 March 2021  (XLSX 0.9MB),https://www.bankofengland.co.uk/prudential-regulation/key-initiatives/solvency-ii/technical-information/-/media/boe/files/prudential-regulation/solvency-ii/rfr-releases-2021/risk-free-va-portfolios-31-march-2021.xlsx
75,Risk-free Volatility Adjustment portfolios as of 31 March 2022 (XLSX 0.9MB),https://www.bankofengland.co.uk/prudential-regulation/key-initiatives/solvency-ii/technical-information/-/media/boe/files/prudential-regulation/solvency-ii/risk-free-va-portfolios-31-mar-2022.xlsx
76,Risk-free Volatility Adjustment portfolios as of 31 March 2023 (XLSX 0.9MB),https://www.bankofengland.co.uk/prudential-regulation/key-initiatives/solvency-ii/technical-information/-/media/boe/files/prudential-regulation/solvency-ii/rfr-releases-2023/risk-free-va-portfolios-31-mar-2023.xlsx
77,Risk-free Volatility Adjustment portfolios as of 31 May 2021  (XLSX 0.9MB),https://www.bankofengland.co.uk/prudential-regulation/key-initiatives/solvency-ii/technical-information/-/media/boe/files/prudential-regulation/solvency-ii/rfr-releases-2021/risk-free-va-portfolios-31-may-2021.xlsx
78,Risk-free Volatility Adjustment portfolios as of 31 May 2022 (XLSX 0.9MB),https://www.bankofengland.co.uk/prudential-regulation/key-initiatives/solvency-ii/technical-information/-/media/boe/files/prudential-regulation/solvency-ii/rfr-releases-2022/risk-free-va-portfolios-31-may-2022.xlsx
79,Risk-free Volatility Adjustment portfolios as of 31 May 2023 (XLSX 0.9MB),https://www.bankofengland.co.uk/prudential-regulation/key-initiatives/solvency-ii/technical-information/-/media/boe/files/prudential-regulation/solvency-ii/rfr-releases-2023/risk-free-va-portfolios-31-may-2023.xlsx
80,Risk-free Volatility Adjustment portfolios as of 31 October 2021 (XLSX 0.9MB),https://www.bankofengland.co.uk/prudential-regulation/key-initiatives/solvency-ii/technical-information/-/media/boe/files/prudential-regulation/solvency-ii/rfr-releases-2021/risk-free-va-portfolios-31-oct-2021.xlsx
81,Risk-free Volatility Adjustment portfolios as of 31 October 2022  (XLSX 0.9MB),https://www.bankofengland.co.uk/prudential-regulation/key-initiatives/solvency-ii/technical-information/-/media/boe/files/prudential-regulation/solvency-ii/rfr-releases-2022/risk-free-va-portfolios-31-oct-2022.xlsx
82,Risk-free Volatility Adjustment portfolios as of 31 October 2023 (XLSX 0.9MB),https://www.bankofengland.co.uk/prudential-regulation/key-initiatives/solvency-ii/technical-information/-/media/boe/files/prudential-regulation/solvency-ii/rfr-releases-2023/risk-free-va-portfolios-31-oct-2023.xlsx
83,Risk-free curves as of 28 February 2021 (XLSX 1.2MB),https://www.bankofengland.co.uk/prudential-regulation/key-initiatives/solvency-ii/technical-information/-/media/boe/files/prudential-regulation/solvency-ii/rfr-releases-2021/risk-free-curves-28-february-2021.xlsx
84,Risk-free curves as of 28 February 2022 (XLSX 1.2MB),https://www.bankofengland.co.uk/prudential-regulation/key-initiatives/solvency-ii/technical-information/-/media/boe/files/prudential-regulation/solvency-ii/rfr-releases-2022/risk-free-curves-28-feb-2022.xlsx
85,Risk-free curves as of 28 February 2023 (XLSX 1.2MB),https://www.bankofengland.co.uk/prudential-regulation/key-initiatives/solvency-ii/technical-information/-/media/boe/files/prudential-regulation/solvency-ii/rfr-releases-2023/risk-free-curves-28-feb-2023.xlsx
86,Risk-free curves as of 30 April 2021  (XLSX 1.2MB),https://www.bankofengland.co.uk/prudential-regulation/key-initiatives/solvency-ii/technical-information/-/media/boe/files/prudential-regulation/solvency-ii/rfr-releases-2021/risk-free-curves-30-april-2021.xlsx
87,Risk-free curves as of 30 April 2022 (XLSX 1.2MB),https://www.bankofengland.co.uk/prudential-regulation/key-initiatives/solvency-ii/technical-information/-/media/boe/files/prudential-regulation/solvency-ii/rfr-releases-2022/risk-free-curves-30-apr-2022.xlsx
88,Risk-free curves as of 30 April 2023 (XLSX 1.2MB),https://www.bankofengland.co.uk/prudential-regulation/key-initiatives/solvency-ii/technical-information/-/media/boe/files/prudential-regulation/solvency-ii/rfr-releases-2023/risk-free-curves-30-apr-2023.xlsx
89,Risk-free curves as of 30 June 2021 (XLSX 1.2MB),https://www.bankofengland.co.uk/prudential-regulation/key-initiatives/solvency-ii/technical-information/-/media/boe/files/prudential-regulation/solvency-ii/rfr-releases-2021/risk-free-curves-30-june-2021.xlsx
90,Risk-free curves as of 30 June 2022 (XLSX 1.2MB),https://www.bankofengland.co.uk/prudential-regulation/key-initiatives/solvency-ii/technical-information/-/media/boe/files/prudential-regulation/solvency-ii/rfr-releases-2022/risk-free-curves-30-jun-2022.xlsx
91,Risk-free curves as of 30 June 2023 (XLSX 1.2MB),https://www.bankofengland.co.uk/prudential-regulation/key-initiatives/solvency-ii/technical-information/-/media/boe/files/prudential-regulation/solvency-ii/rfr-releases-2023/risk-free-curves-30-jun-2023.xlsx
92,Risk-free curves as of 30 November 2021 (XLSX 1.2MB),https://www.bankofengland.co.uk/prudential-regulation/key-initiatives/solvency-ii/technical-information/-/media/boe/files/prudential-regulation/solvency-ii/rfr-releases-2021/risk-free-curves-30-nov-2021.xlsx
93,Risk-free curves as of 30 November 2022  (XLSX 1.2MB),https://www.bankofengland.co.uk/prudential-regulation/key-initiatives/solvency-ii/technical-information/-/media/boe/files/prudential-regulation/solvency-ii/rfr-releases-2022/risk-free-curves-30-nov-2022.xlsx
94,Risk-free curves as of 30 November 2023 (XLSX 0.4MB),https://www.bankofengland.co.uk/prudential-regulation/key-initiatives/solvency-ii/technical-information/-/media/boe/files/prudential-regulation/solvency-ii/rfr-releases-2023/risk-free-curves-30-nov-2023.xlsx
95,Risk-free curves as of 30 September 2021 (XLSX 1.2MB),https://www.bankofengland.co.uk/prudential-regulation/key-initiatives/solvency-ii/technical-information/-/media/boe/files/prudential-regulation/solvency-ii/rfr-releases-2021/risk-free-curves-30-sept-2021.xlsx
96,Risk-free curves as of 30 September 2022 (XLSX 1.2MB),https://www.bankofengland.co.uk/prudential-regulation/key-initiatives/solvency-ii/technical-information/-/media/boe/files/prudential-regulation/solvency-ii/rfr-releases-2022/risk-free-curves-30-sep-2022.xlsx
97,Risk-free curves as of 30 September 2023 (XLSX 1.2MB),https://www.bankofengland.co.uk/prudential-regulation/key-initiatives/solvency-ii/technical-information/-/media/boe/files/prudential-regulation/solvency-ii/rfr-releases-2023/risk-free-curves-30-sep-2023.xlsx
98,Risk-free curves as of 31 August 2021 (XLSX 1.2MB),https://www.bankofengland.co.uk/prudential-regulation/key-initiatives/solvency-ii/technical-information/-/media/boe/files/prudential-regulation/solvency-ii/rfr-releases-2021/risk-free-curves-31-aug-2021.xlsx
99,Risk-free curves as of 31 August 2022 (XLSX 1.2MB),https://www.bankofengland.co.uk/prudential-regulation/key-initiatives/solvency-ii/technical-information/-/media/boe/files/prudential-regulation/solvency-ii/rfr-releases-2022/risk-free-curves-31-aug-2022.xlsx
100,Risk-free curves as of 31 August 2023 (XLSX 1.2MB),https://www.bankofengland.co.uk/prudential-regulation/key-initiatives/solvency-ii/technical-information/-/media/boe/files/prudential-regulation/solvency-ii/rfr-releases-2023/risk-free-curves-31-aug-2023.xlsx
101,Risk-free curves as of 31 December 2020 (XLSX 1.2MB),https://www.bankofengland.co.uk/prudential-regulation/key-initiatives/solvency-ii/technical-information/-/media/boe/files/prudential-regulation/solvency-ii/risk-free-curves-31-december-2020.xlsx
102,Risk-free curves as of 31 December 2021 (XLSX 1.2MB),https://www.bankofengland.co.uk/prudential-regulation/key-initiatives/solvency-ii/technical-information/-/media/boe/files/prudential-regulation/solvency-ii/rfr-releases-2021/risk-free-curves-31-dec-2021.xlsx
103,Risk-free curves as of 31 December 2022 (XLSX 1.2MB),https://www.bankofengland.co.uk/prudential-regulation/key-initiatives/solvency-ii/technical-information/-/media/boe/files/prudential-regulation/solvency-ii/rfr-releases-2022/risk-free-curves-31-dec-2022.xlsx
104,Risk-free curves as of 31 December 2023 (XLSX 0.4MB),https://www.bankofengland.co.uk/prudential-regulation/key-initiatives/solvency-ii/technical-information/-/media/boe/files/prudential-regulation/solvency-ii/rfr-releases-2023/risk-free-curves-31-dec-2023.xlsx
105,Risk-free curves as of 31 January 2021 (XLSX 1.2MB),https://www.bankofengland.co.uk/prudential-regulation/key-initiatives/solvency-ii/technical-information/-/media/boe/files/prudential-regulation/solvency-ii/rfr-releases-2021/risk-free-curves-31-january-2021.xlsx
106,Risk-free curves as of 31 January 2022 (XLSX 1.2MB),https://www.bankofengland.co.uk/prudential-regulation/key-initiatives/solvency-ii/technical-information/-/media/boe/files/prudential-regulation/solvency-ii/risk-free-curves-31-jan-2022.xlsx
107,Risk-free curves as of 31 January 2023 (XLSX 1.2MB),https://www.bankofengland.co.uk/prudential-regulation/key-initiatives/solvency-ii/technical-information/-/media/boe/files/prudential-regulation/solvency-ii/rfr-releases-2023/risk-free-curves-31-jan-2023.xlsx
108,Risk-free curves as of 31 July 2021 (XLSX 1.2MB),https://www.bankofengland.co.uk/prudential-regulation/key-initiatives/solvency-ii/technical-information/-/media/boe/files/prudential-regulation/solvency-ii/rfr-releases-2021/risk-free-curves-31-july-2021.xlsx
109,Risk-free curves as of 31 July 2022 (XLSX 1.2MB),https://www.bankofengland.co.uk/prudential-regulation/key-initiatives/solvency-ii/technical-information/-/media/boe/files/prudential-regulation/solvency-ii/rfr-releases-2022/risk-free-curves-31-jul-2022.xlsx
110,Risk-free curves as of 31 July 2023 (XLSX 1.2MB),https://www.bankofengland.co.uk/prudential-regulation/key-initiatives/solvency-ii/technical-information/-/media/boe/files/prudential-regulation/solvency-ii/rfr-releases-2023/risk-free-curves-31-jul-2023.xlsx
111,Risk-free curves as of 31 March 2021  (XLSX 1.2MB),https://www.bankofengland.co.uk/prudential-regulation/key-initiatives/solvency-ii/technical-information/-/media/boe/files/prudential-regulation/solvency-ii/rfr-releases-2021/risk-free-curves-31-march-2021.xlsx
112,Risk-free curves as of 31 March 2022 (XLSX 1.2MB),https://www.bankofengland.co.uk/prudential-regulation/key-initiatives/solvency-ii/technical-information/-/media/boe/files/prudential-regulation/solvency-ii/risk-free-curves-31-mar-2022.xlsx
113,Risk-free curves as of 31 March 2023 (XLSX 1.2MB),https://www.bankofengland.co.uk/prudential-regulation/key-initiatives/solvency-ii/technical-information/-/media/boe/files/prudential-regulation/solvency-ii/rfr-releases-2023/risk-free-curves-31-mar-2023.xlsx
114,Risk-free curves as of 31 May 2021  (XLSX 1.2MB),https://www.bankofengland.co.uk/prudential-regulation/key-initiatives/solvency-ii/technical-information/-/media/boe/files/prudential-regulation/solvency-ii/rfr-releases-2021/risk-free-curves-31-may-2021.xlsx
115,Risk-free curves as of 31 May 2022 (XLSX 1.2MB),https://www.bankofengland.co.uk/prudential-regulation/key-initiatives/solvency-ii/technical-information/-/media/boe/files/prudential-regulation/solvency-ii/rfr-releases-2022/risk-free-curves-31-may-2022.xlsx
116,Risk-free curves as of 31 May 2023 (XLSX 1.2MB),https://www.bankofengland.co.uk/prudential-regulation/key-initiatives/solvency-ii/technical-information/-/media/boe/files/prudential-regulation/solvency-ii/rfr-releases-2023/risk-free-curves-31-may-2023.xlsx
117,Risk-free curves as of 31 October 2021 (XLSX 1.2MB),https://www.bankofengland.co.uk/prudential-regulation/key-initiatives/solvency-ii/technical-information/-/media/boe/files/prudential-regulation/solvency-ii/rfr-releases-2021/risk-free-curves-31-oct-2021.xlsx
118,Risk-free curves as of 31 October 2022 (XLSX 1.2MB),https://www.bankofengland.co.uk/prudential-regulation/key-initiatives/solvency-ii/technical-information/-/media/boe/files/prudential-regulation/solvency-ii/rfr-releases-2022/risk-free-curves-31-oct-2022.xlsx
119,Risk-free curves as of 31 October 2023 (XLSX 1.2MB),https://www.bankofengland.co.uk/prudential-regulation/key-initiatives/solvency-ii/technical-information/-/media/boe/files/prudential-regulation/solvency-ii/rfr-releases-2023/risk-free-curves-31-oct-2023.xlsx
120,Smith-Wilson extrapolation parameters as of 28 February 2021 (XLSX 1.1MB),https://www.bankofengland.co.uk/prudential-regulation/key-initiatives/solvency-ii/technical-information/-/media/boe/files/prudential-regulation/solvency-ii/rfr-releases-2021/risk-free-smith-wilson-parameters-28-february-2021.xlsx
121,Smith-Wilson extrapolation parameters as of 28 February 2022 (XLSX 1.1MB),https://www.bankofengland.co.uk/prudential-regulation/key-initiatives/solvency-ii/technical-information/-/media/boe/files/prudential-regulation/solvency-ii/risk-free-smith-wilson-parameters-28-feb-2022.xlsx
122,Smith-Wilson extrapolation parameters as of 28 February 2023 (XLSX 1.1MB),https://www.bankofengland.co.uk/prudential-regulation/key-initiatives/solvency-ii/technical-information/-/media/boe/files/prudential-regulation/solvency-ii/rfr-releases-2023/risk-free-smith-wilson-parameters-28-feb-2023.xlsx
123,Smith-Wilson extrapolation parameters as of 30 April 2021  (XLSX 1.1MB),https://www.bankofengland.co.uk/prudential-regulation/key-initiatives/solvency-ii/technical-information/-/media/boe/files/prudential-regulation/solvency-ii/rfr-releases-2021/risk-free-smith-wilson-parameters-30-april-2021.xlsx
124,Smith-Wilson extrapolation parameters as of 30 April 2022  (XLSX 1.1MB),https://www.bankofengland.co.uk/prudential-regulation/key-initiatives/solvency-ii/technical-information/-/media/boe/files/prudential-regulation/solvency-ii/rfr-releases-2022/risk-free-smith-wilson-parameters-30-apr-2022.xlsx
125,Smith-Wilson extrapolation parameters as of 30 April 2023 (XLSX 1.1MB),https://www.bankofengland.co.uk/prudential-regulation/key-initiatives/solvency-ii/technical-information/-/media/boe/files/prudential-regulation/solvency-ii/rfr-releases-2023/risk-free-smith-wilson-parameters-30-apr-2023.xlsx
126,Smith-Wilson extrapolation parameters as of 30 June 2021 (XLSX 1.1MB),https://www.bankofengland.co.uk/prudential-regulation/key-initiatives/solvency-ii/technical-information/-/media/boe/files/prudential-regulation/solvency-ii/rfr-releases-2021/risk-free-smith-wilson-parameters-30-june-2021.xlsx
127,Smith-Wilson extrapolation parameters as of 30 June 2022 (XLSX 1.1MB),https://www.bankofengland.co.uk/prudential-regulation/key-initiatives/solvency-ii/technical-information/-/media/boe/files/prudential-regulation/solvency-ii/rfr-releases-2022/risk-free-smith-wilson-parameters-30-jun-2022.xlsx
128,Smith-Wilson extrapolation parameters as of 30 June 2023 (XLSX 1.1MB),https://www.bankofengland.co.uk/prudential-regulation/key-initiatives/solvency-ii/technical-information/-/media/boe/files/prudential-regulation/solvency-ii/rfr-releases-2023/risk-free-smith-wilson-parameters-30-jun-2023.xlsx
129,Smith-Wilson extrapolation parameters as of 30 November 2021 (XLSX 1.1MB),https://www.bankofengland.co.uk/prudential-regulation/key-initiatives/solvency-ii/technical-information/-/media/boe/files/prudential-regulation/solvency-ii/rfr-releases-2021/risk-free-smith-wilson-parameters-30-nov-2021.xlsx
130,Smith-Wilson extrapolation parameters as of 30 November 2022  (XLSX 1.1MB),https://www.bankofengland.co.uk/prudential-regulation/key-initiatives/solvency-ii/technical-information/-/media/boe/files/prudential-regulation/solvency-ii/rfr-releases-2022/risk-free-smith-wilson-parameters-30-nov-2022.xlsx
131,Smith-Wilson extrapolation parameters as of 30 November 2023 (XLSX 0.2MB),https://www.bankofengland.co.uk/prudential-regulation/key-initiatives/solvency-ii/technical-information/-/media/boe/files/prudential-regulation/solvency-ii/rfr-releases-2023/risk-free-smith-wilson-parameters-30-nov-2023.xlsx
132,Smith-Wilson extrapolation parameters as of 30 September 2021 (XLSX 1.1MB),https://www.bankofengland.co.uk/prudential-regulation/key-initiatives/solvency-ii/technical-information/-/media/boe/files/prudential-regulation/solvency-ii/rfr-releases-2021/risk-free-smith-wilson-parameters-30-sept-2021.xlsx
133,Smith-Wilson extrapolation parameters as of 30 September 2022 (XLSX 1.1MB),https://www.bankofengland.co.uk/prudential-regulation/key-initiatives/solvency-ii/technical-information/-/media/boe/files/prudential-regulation/solvency-ii/rfr-releases-2022/risk-free-smith-wilson-parameters-30-sep-2022.xlsx
134,Smith-Wilson extrapolation parameters as of 30 September 2023 (XLSX 1.1MB),https://www.bankofengland.co.uk/prudential-regulation/key-initiatives/solvency-ii/technical-information/-/media/boe/files/prudential-regulation/solvency-ii/rfr-releases-2023/risk-free-smith-wilson-parameters-30-sep-2023.xlsx
135,Smith-Wilson extrapolation parameters as of 31 August 2021 (XLSX 1.1MB),https://www.bankofengland.co.uk/prudential-regulation/key-initiatives/solvency-ii/technical-information/-/media/boe/files/prudential-regulation/solvency-ii/rfr-releases-2021/risk-free-smith-wilson-parameters-31-aug-2021.xlsx
136,Smith-Wilson extrapolation parameters as of 31 August 2022 (XLSX 1.1MB),https://www.bankofengland.co.uk/prudential-regulation/key-initiatives/solvency-ii/technical-information/-/media/boe/files/prudential-regulation/solvency-ii/rfr-releases-2022/risk-free-smith-wilson-parameters-31-aug-2022.xlsx
137,Smith-Wilson extrapolation parameters as of 31 August 2023 (XLSX 1.1MB),https://www.bankofengland.co.uk/prudential-regulation/key-initiatives/solvency-ii/technical-information/-/media/boe/files/prudential-regulation/solvency-ii/rfr-releases-2023/risk-free-smith-wilson-parameters-31-aug-2023.xlsx
138,Smith-Wilson extrapolation parameters as of 31 December 2020 (XLSX 1.1MB),https://www.bankofengland.co.uk/prudential-regulation/key-initiatives/solvency-ii/technical-information/-/media/boe/files/prudential-regulation/solvency-ii/risk-free-term-structures-31-december-2020.xlsx
139,Smith-Wilson extrapolation parameters as of 31 December 2021 (XLSX 1.1MB),https://www.bankofengland.co.uk/prudential-regulation/key-initiatives/solvency-ii/technical-information/-/media/boe/files/prudential-regulation/solvency-ii/rfr-releases-2021/risk-free-smith-wilson-parameters-31-dec-2021.xlsx
140,Smith-Wilson extrapolation parameters as of 31 December 2022 (XLSX 1.1MB),https://www.bankofengland.co.uk/prudential-regulation/key-initiatives/solvency-ii/technical-information/-/media/boe/files/prudential-regulation/solvency-ii/rfr-releases-2022/risk-free-smith-wilson-parameters-31-dec-2022.xlsx
141,Smith-Wilson extrapolation parameters as of 31 December 2023 (XLSX 0.2MB),https://www.bankofengland.co.uk/prudential-regulation/key-initiatives/solvency-ii/technical-information/-/media/boe/files/prudential-regulation/solvency-ii/rfr-releases-2023/risk-free-smith-wilson-parameters-31-dec-2023.xlsx
142,Smith-Wilson extrapolation parameters as of 31 January 2021 (XLSX 1.1MB),https://www.bankofengland.co.uk/prudential-regulation/key-initiatives/solvency-ii/technical-information/-/media/boe/files/prudential-regulation/solvency-ii/rfr-releases-2021/risk-free-smith-wilson-parameters-31-january-2021.xlsx
143,Smith-Wilson extrapolation parameters as of 31 January 2022 (XLSX 1.1MB),https://www.bankofengland.co.uk/prudential-regulation/key-initiatives/solvency-ii/technical-information/-/media/boe/files/prudential-regulation/solvency-ii/risk-free-smith-wilson-parameters-31-jan-2022.xlsx
144,Smith-Wilson extrapolation parameters as of 31 January 2023 (XLSX 1.1MB),https://www.bankofengland.co.uk/prudential-regulation/key-initiatives/solvency-ii/technical-information/-/media/boe/files/prudential-regulation/solvency-ii/rfr-releases-2023/risk-free-smith-wilson-parameters-31-jan-2023.xlsx
145,Smith-Wilson extrapolation parameters as of 31 July 2021 (XLSX 1.1MB),https://www.bankofengland.co.uk/prudential-regulation/key-initiatives/solvency-ii/technical-information/-/media/boe/files/prudential-regulation/solvency-ii/rfr-releases-2021/risk-free-smith-wilson-parameters-31-july-2021.xlsx
146,Smith-Wilson extrapolation parameters as of 31 July 2022 (XLSX 1.1MB),https://www.bankofengland.co.uk/prudential-regulation/key-initiatives/solvency-ii/technical-information/-/media/boe/files/prudential-regulation/solvency-ii/rfr-releases-2022/risk-free-smith-wilson-parameters-31-jul-2022.xlsx
147,Smith-Wilson extrapolation parameters as of 31 July 2023 (XLSX 1.1MB),https://www.bankofengland.co.uk/prudential-regulation/key-initiatives/solvency-ii/technical-information/-/media/boe/files/prudential-regulation/solvency-ii/rfr-releases-2023/risk-free-smith-wilson-parameters-31-jul-2023.xlsx
148,Smith-Wilson extrapolation parameters as of 31 March 2021  (XLSX 1.1MB),https://www.bankofengland.co.uk/prudential-regulation/key-initiatives/solvency-ii/technical-information/-/media/boe/files/prudential-regulation/solvency-ii/rfr-releases-2021/risk-free-smith-wilson-parameters-31-march-2021.xlsx
149,Smith-Wilson extrapolation parameters as of 31 March 2022 (XLSX 1.1MB),https://www.bankofengland.co.uk/prudential-regulation/key-initiatives/solvency-ii/technical-information/-/media/boe/files/prudential-regulation/solvency-ii/risk-free-smith-wilson-parameters-31-mar-2022.xlsx
150,Smith-Wilson extrapolation parameters as of 31 March 2023 (XLSX 1.1MB),https://www.bankofengland.co.uk/prudential-regulation/key-initiatives/solvency-ii/technical-information/-/media/boe/files/prudential-regulation/solvency-ii/rfr-releases-2023/risk-free-smith-wilson-parameters-31-mar-2023.xlsx
151,Smith-Wilson extrapolation parameters as of 31 May 2021  (XLSX 1.1MB),https://www.bankofengland.co.uk/prudential-regulation/key-initiatives/solvency-ii/technical-information/-/media/boe/files/prudential-regulation/solvency-ii/rfr-releases-2021/risk-free-smith-wilson-parameters-31-may-2021.xlsx
152,Smith-Wilson extrapolation parameters as of 31 May 2022 (XLSX 1.1MB),https://www.bankofengland.co.uk/prudential-regulation/key-initiatives/solvency-ii/technical-information/-/media/boe/files/prudential-regulation/solvency-ii/rfr-releases-2022/risk-free-smith-wilson-parameters-31-may-2022.xlsx
153,Smith-Wilson extrapolation parameters as of 31 May 2023 (XLSX 1.1MB),https://www.bankofengland.co.uk/prudential-regulation/key-initiatives/solvency-ii/technical-information/-/media/boe/files/prudential-regulation/solvency-ii/rfr-releases-2023/risk-free-smith-wilson-parameters-31-may-2023.xlsx
154,Smith-Wilson extrapolation parameters as of 31 October 2021 (XLSX 1.1MB),https://www.bankofengland.co.uk/prudential-regulation/key-initiatives/solvency-ii/technical-information/-/media/boe/files/prudential-regulation/solvency-ii/rfr-releases-2021/risk-free-smith-wilson-parameters-31-oct-2021.xlsx
155,Smith-Wilson extrapolation parameters as of 31 October 2022  (XLSX 1.1MB),https://www.bankofengland.co.uk/prudential-regulation/key-initiatives/solvency-ii/technical-information/-/media/boe/files/prudential-regulation/solvency-ii/rfr-releases-2022/risk-free-smith-wilson-parameters-31-oct-2022.xlsx
156,Smith-Wilson extrapolation parameters as of 31 October 2023 (XLSX 1.1MB),https://www.bankofengland.co.uk/prudential-regulation/key-initiatives/solvency-ii/technical-information/-/media/boe/files/prudential-regulation/solvency-ii/rfr-releases-2023/risk-free-smith-wilson-parameters-31-oct-2023.xlsx
157,Symmetric Adjustment Equity Capital Charge (XLSX),https://www.bankofengland.co.uk/prudential-regulation/key-initiatives/solvency-ii/technical-information/-/media/boe/files/prudential-regulation/solvency-ii/rfr-releases-2023/saecc-dec-2023.xlsx
158,VA reference portfolios from and including 31 March 2021 (XLSX),https://www.bankofengland.co.uk/prudential-regulation/key-initiatives/solvency-ii/technical-information/-/media/boe/files/prudential-regulation/solvency-ii/pra-va-reference-portfolios-from-31-march-2021.xlsx
159,VA reference portfolios from and including 31 March 2022 (XLSX),https://www.bankofengland.co.uk/prudential-regulation/key-initiatives/solvency-ii/technical-information/-/media/boe/files/prudential-regulation/solvency-ii/pra-va-reference-portfolios-from-31-march-2022.xlsx
160,VA reference portfolios from and including 31 March 2023 (XLSX),https://www.bankofengland.co.uk/prudential-regulation/key-initiatives/solvency-ii/technical-information/-/media/boe/files/prudential-regulation/solvency-ii/pra-va-reference-portfolios-from-31-march-2023.xlsx
161,VA reference portfolios from and including 31 March 2024 (XLSX),https://www.bankofengland.co.uk/prudential-regulation/key-initiatives/solvency-ii/technical-information/-/media/boe/files/prudential-regulation/solvency-ii/pra-va-reference-portfolios-from-31-march-2024.xlsx
162,additional information,https://www.bankofengland.co.uk/prudential-regulation/key-initiatives/solvency-ii/technical-information/-/media/boe/files/prudential-regulation/solvency-ii/sonia_based_ti_additional_information_jun_2021.pdf
